transaction_id,customer_id,amount,country,merchant_category
T001,C001,42.50,Germany,Groceries
T002,C002,125.00,Germany,Electronics
T003,C003,68.20,Germany,Restaurant
T004,C004,215.00,France,Travel
T005,C005,32.80,Germany,Groceries
T006,C006,89.50,Germany,Restaurant
T007,C007,145.00,Netherlands,Electronics
T008,C008,27.90,Germany,Groceries
T009,C009,310.00,Germany,Travel
T010,C010,54.30,Germany,Restaurant
T011,C001,76.20,Germany,Groceries
T012,C002,199.00,France,Electronics
T013,C003,45.60,Germany,Restaurant
T014,C004,380.00,Germany,Travel
T015,C005,22.40,Germany,Groceries
T016,C006,115.00,Netherlands,Restaurant
T017,C007,260.00,Germany,Electronics
T018,C008,38.70,Germany,Groceries
T019,C009,175.00,France,Travel
T020,C010,61.20,Germany,Restaurant
T021,C001,92.00,Germany,Groceries
T022,C002,340.00,Germany,Electronics
T023,C003,55.80,Germany,Restaurant
T024,C004,420.00,Netherlands,Travel
T025,C005,19.90,Germany,Groceries
T026,C006,130.00,Germany,Restaurant
T027,C007,285.00,France,Electronics
T028,C008,47.50,Germany,Groceries
T029,C009,225.00,Germany,Travel
T030,C010,72.80,Germany,Restaurant
T031,C001,105.00,Germany,Groceries
T032,C002,450.00,Germany,Electronics
T033,C003,63.40,France,Restaurant
T034,C004,295.00,Germany,Travel
T035,C005,35.60,Germany,Groceries
T036,C006,155.00,Germany,Restaurant
T037,C007,395.00,Netherlands,Electronics
T038,C008,51.20,Germany,Groceries
T039,C009,240.00,Germany,Travel
T040,C010,84.90,France,Restaurant
T041,C001,120.00,Germany,Groceries
T042,C002,275.00,Germany,Electronics
T043,C003,49.30,Germany,Restaurant
T044,C004,360.00,Germany,Travel
T045,C005,29.80,Germany,Groceries
T046,C006,7800.00,Germany,Electronics
T047,C007,9200.00,Brazil,Travel
T048,C008,15000.00,USA,Electronics
T049,C009,110.00,Germany,Restaurant
T050,C010,185.00,Germany,Travel